{
  "nrmse_u": 10000000000.0,
  "nrmse_v": 1.506616730514602,
  "nrmse_w": 0.052811630174479644,
  "nrmse_u_final": 10000000000.0,
  "nrmse_avg": 3333333333.853143,
  "version": "v1",
  "status": "success",
  "exec_time_s": 0.17399883270263672
}