{
  "nrmse_u": 1.8548228364924696e+73,
  "nrmse_v": 1.3841546891775987,
  "nrmse_w": 0.04091072459120099,
  "nrmse_u_final": 7.024071673752045e+73,
  "nrmse_avg": 6.182742788308232e+72,
  "version": "v0",
  "status": "success",
  "exec_time_s": 0.16300702095031738
}