{
  "iteration": 0,
  "exec_time_s": 6.6238532066345215,
  "status": "success",
  "nrmse_u": 2.249486435511405e-05,
  "nrmse_v": 0.00011788304117707767,
  "nrmse_w": 2.865804629858919e-06,
  "nrmse_u_final": 4.879077348331542e-05,
  "nrmse_avg": 4.774790338735022e-05
}