{
  "PDEs": "",
  "number_of_state_variables": 19,
  "texture_size": 512,
  "spatial_step": 0.0234375,
  "domain_size": 12.0,
  "temporal_step": 0.025,
  "time_horizon": 100.0,
  "boundary_conditions": "No-Flux (Neumann)",
  "parameter_values": {
    "Ko": 5.4,
    "Cao": 2.0,
    "Nao": 140.0,
    "Vc": 0.016404,
    "Vsr": 0.001094,
    "Vss": 5.468e-05,
    "Bufc": 0.2,
    "Kbufc": 0.001,
    "Bufsr": 10.0,
    "Kbufsr": 0.3,
    "Bufss": 0.4,
    "Kbufss": 0.00025,
    "Vmaxup": 0.006375,
    "Kup": 0.00025,
    "Vrel": 0.102,
    "k3": 0.06,
    "k4": 0.005,
    "k1prime": 0.15,
    "k2prime": 0.045,
    "EC": 1.5,
    "maxsr": 2.5,
    "minsr": 1.0,
    "Vleak": 0.00036,
    "Vxfer": 0.0038,
    "RR": 8314.3,
    "FF": 96486.7,
    "TT": 310.0,
    "CAPACITANCE": 0.185,
    "Gks": 0.392,
    "Gto": 0.294,
    "Gkr": 0.153,
    "pKNa": 0.03,
    "GK1": 5.405,
    "alphanaca": 1.0,
    "GNa": 14.838,
    "GbNa": 0.00029,
    "KmK": 1.0,
    "KmNa": 40.0,
    "knak": 2.724,
    "GCaL": 3.98e-05,
    "GbCa": 0.000592,
    "knaca": 1000.0,
    "KmNai": 87.5,
    "KmCa": 1.38,
    "ksat": 0.1,
    "n": 0.35,
    "GpCa": 0.1238,
    "KpCa": 0.0005,
    "GpK": 0.0146,
    "diffCoef": 0.001
  },
  "notes": null
}